{
  "model_type": "tcn",
  "gate6_passed": false,
  "concat_metrics": {
    "Ann. Return": 0.3370790943194737,
    "Ann. Volatility": 0.2883350645725461,
    "Sharpe Ratio": 1.1690534233815444,
    "Max Drawdown": 0.4427508816481619,
    "Calmar Ratio": 0.7613290188484328,
    "Sortino Ratio": 1.580460652323856,
    "Hit Rate": 0.6666666666666666,
    "Profit Factor": 2.183048360280168,
    "95% CVaR": -0.142012019850118
  },
  "fold_sharpes": [
    {
      "name": "Fold 1 (test 2018-2019)",
      "sharpe": 0.8014174732838664,
      "max_dd": 0.29702447507206736,
      "return": 0.1724359469699117
    },
    {
      "name": "Fold 2 (test 2020-2021)",
      "sharpe": 1.3126606875258555,
      "max_dd": 0.300211772729024,
      "return": 0.383155030522796
    },
    {
      "name": "Fold 3 (test 2022-2024)",
      "sharpe": 1.3083263104555913,
      "max_dd": 0.4304525806165132,
      "return": 0.4270319904022144
    }
  ]
}